year,n,corr_premium_underperf,top_quintile_underperf,bottom_quintile_underperf,diff
2025,13,-0.6690315252570174,-0.4292430265585807,7.206259946944829,-7.63550297350341
